1 Decembrie	Comuna 1 Decembrie, Ilfov	9882383	8	7817	44.29083	26.05806
