Awans	Province de Liege, Wallonia	2374606	8	8612	50.66774	5.46329
Awara	Awara-shi, Fukui	4799746	7	0	36.22309	136.19236
Awe	Awe, Nassarawa	3720497	6	0	8.10445	9.14011
Awendaw	Charleston County, South Carolina	194133	8	1371	33.03767	-79.61313
Awgu	Awgu, Enugu	3717214	6	23175	6.07278	7.47739
