Bzenec	Okres Hodonin, South Moravian	433124	10	4315	48.97336	17.26685
Bzenec	Okres Hodonin, South Moravian	441143	8	4315	48.97336	17.26685
