Ckyne	Okres Prachatice, Jihocesky kraj	423828	10	1616	49.11503	13.82906
Ckyne	Okres Prachatice, Jihocesky kraj	437244	8	1616	49.11503	13.82906
