Cvikov	Okres Ceska Lipa, Liberecky kraj	433915	10	4435	50.77668	14.63298
Cvikov	Okres Ceska Lipa, Liberecky kraj	440203	8	4435	50.77668	14.63298
