Cyangugu	Rusizi District, Western Province	1708895	6	63883	-2.4846	28.9075
Cybinka	Powiat slubicki, Lubusz	3008691	8	2655	52.19446	14.79567
Cycow	Powiat leczynski, Lublin	6837344	8	1200	51.29928	23.14124
Cygnet	Huon Valley, Tasmania	10627337	9	1539	-43.15333	147.07253
Cynthiana	Harrison County, Kentucky	130583	8	6423	38.39035	-84.2941
Cypress	Orange County, California	6013836	8	49290	33.81696	-118.03729
Cyril	Caddo County, Oklahoma	185297	8	1046	34.89646	-98.2006
Cysoing	North, Hauts-de-France	58114	8	4344	50.56939	3.21627
