Dmosin	Powiat brzezinski, Lodz Voivodeship	12571982	8	1500	51.92437	19.75934
Dmytrivka	Donetsk Oblast	3941101	9	3170	47.93611	38.93661
