Dve Mogili	Obshtina Dve Mogili, Ruse	12629629	8	4526	43.59258	25.87486
Dve Mogili	Obshtina Dve Mogili, Ruse	1930887	7	4526	43.59258	25.87486
Dvor	Opcina Dvor, Sisacko-Moslavacka	12310460	8	1406	45.07032	16.37753
Dvorce	Okres Bruntal, Moravskoslezsky	436971	8	1518	49.83332	17.54762
Dvorichna	Kharkiv	3553779	9	3387	49.85019	37.68262
Dvur Kralove nad Labem	Okres Trutnov, Kralovehradecky kraj	430207	10	16150	50.43172	15.81402
Dvur Kralove nad Labem	Okres Trutnov, Kralovehradecky kraj	440162	8	16150	50.43172	15.81402
