Ehekirchen	Upper Bavaria, Bavaria	943678	8	3782	48.63333	11.1
Ehingen	Swabia, Bavaria	445851	8	1022	48.6	10.8
Ehlscheid	Rheinland-Pfalz	444705	8	1237	50.51448	7.46655
Ehningen	Regierungsbezirk Stuttgart, Baden-Wurttemberg	722146	8	7652	48.65882	8.94124
Ehrenberg	La Paz County, Arizona	8026548	8	1470	33.60419	-114.52523
Ehrenburg	Lower Saxony	1461198	8	1686	52.75	8.7
Ehrendingen	Bezirk Baden, Aargau	1684300	8	4519	47.5025	8.34729
Ehrenfriedersdorf	Saxony	536588	8	5360	50.64934	12.97009
Ehringshausen	Regierungsbezirk Giessen, Hesse	12724698	9	9505	50.6	8.38333
Ehringshausen	Regierungsbezirk Giessen, Hesse	215976	8	9505	50.6	8.38333
