Ekalaka	Carter County, Montana	142430	8	345	45.88889	-104.55273
Eke	Provincie Oost-Vlaanderen, Flanders	9237170	9	5168	50.95929	3.6396
Ekeremor	Ekeremor, Bayelsa	3715846	6	0	5.05805	5.78048
Ekeren	Provincie Antwerpen, Flanders	62299	9	23300	51.28087	4.41813
Eket	Eket, Akwa Ibom	3715362	6	25569	4.64231	7.92438
Ekinozu	Kahramanmaras	1341116	6	6298	38.05974	37.18786
Eksaarde	Provincie Oost-Vlaanderen, Flanders	5757265	9	6005	51.14876	3.96814
Eksel	Provincie Limburg, Flanders	3929633	9	5804	51.15184	5.3906
