Ifalik	Ifalik Municipality, Yap	3819440	8	0	7.25	144.4445
Ifanadiana	Ifanadiana, Vatovavy Region	8256308	8	17543	-21.3	47.63333
Iffeldorf	Upper Bavaria, Bavaria	936921	8	2682	47.76667	11.31667
Iffendic	Ille-et-Vilaine, Brittany	149719	8	3357	48.13042	-2.03603
Iffezheim	Karlsruhe Region, Baden-Wurttemberg	907207	8	4980	48.82167	8.1431
Ifo	Ifo, Ogun	3718470	6	88272	6.81491	3.19518
Ifs	Calvados, Normandy	172647	8	9617	49.14	-0.34899
Ifta	Thuringia	2887988	9	1309	51.06667	10.18333
