Ii	Oulunkaari, North Ostrobothnia	2525740	8	6546	65.31735	25.3731
Iida	Iida-shi, Nagano	3652879	7	101536	35.51965	137.82074
Iijima	Kamiina-gun, Nagano	4759962	7	9446	35.66667	137.93333
Iisalmi	Ylae-Savo, North Savo	2522178	8	22588	63.55915	27.19067
Iitti	Lahti, Paijat-Hame	2473559	8	7246	60.89488	26.33869
Iizuka	Iizuka Shi, Fukuoka	4008439	7	78206	33.63654	130.68678
