Iquique	Provincia de Iquique, Tarapaca	239456	8	191468	-20.21326	-70.15027
Iquira	Municipio de Iquira, Huila	1342112	6	9064	2.64867	-75.63457
Iquitos	Provincia de Maynas, Loreto	1994100	8	377609	-3.74912	-73.25383
