Jyvaeskylae	Jyvaeskylae, Central Finland	569407	8	144477	62.24147	25.72088
