Kdyne	Okres Domazlice, Plzensky kraj	424621	10	4985	49.39077	13.03968
Kdyne	Okres Domazlice, Plzensky kraj	439157	8	4985	49.39077	13.03968
