L'Hay-les-Roses	Val-de-Marne, Ile-de-France	79593	8	29703	48.77935	2.33729
L'Hospitalet de Llobregat	Provincia de Barcelona, Catalonia	345401	8	257038	41.35967	2.10028
Lhenice	Okres Prachatice, Jihocesky kraj	435479	10	2127	48.99479	14.1498
Lhenice	Okres Prachatice, Jihocesky kraj	438084	8	2127	48.99479	14.1498
Lherm	Upper Garonne, Occitanie	154395	8	2887	43.4297	1.22157
Lhoknga	Aceh	8930378	6	0	5.47691	95.24538
Lhokseumawe	Aceh	4126220	5	188713	5.1801	97.1507
Lhoong		8930389	6	0	5.26667	95.25
