Mkpat Enin	Mkpat Enin, Akwa Ibom	3715377	6	0	4.73478	7.74897
