Mscislau	Mstsislawski Rayon, Mogilev	6722696	8	11500	54.0185	31.7217
Mseno	Okres Melnik, Central Bohemia	426583	10	1417	50.43809	14.6325
Mseno	Okres Melnik, Central Bohemia	437600	8	1417	50.43809	14.6325
Mszana	Powiat wodzislawski, Silesia	3850289	9	3559	49.96939	18.52793
Mszana Dolna	Powiat limanowski, Lesser Poland	2433336	7	7500	49.67432	20.07992
Mszana Dolna	Powiat limanowski, Lesser Poland	2433341	8	7500	49.67432	20.07992
Mszana Gorna	Powiat limanowski, Lesser Poland	5121405	8	2589	49.66202	20.09734
Mszczonow	Powiat zyrardowski, Mazovia	3093881	8	6267	51.97415	20.52083
