Ojacastro	Provincia de La Rioja, La Rioja	345662	8	218	42.3472	-3.0049
Ojai	Ventura County, California	112581	8	7627	34.44805	-119.24289
Ojen	Provincia de Malaga, Andalusia	345095	8	2347	36.56486	-4.85561
Ojojona	Francisco Morazan	13775178	6	2790	13.93389	-87.29583
Ojos	Murcia	340610	8	597	38.147	-1.34261
Ojos Negros	Provincia de Teruel, Aragon	342442	8	526	40.7375	-1.49875
Ojos de Agua	Comayagua	12110226	6	1146	14.6	-87.93333
Ojos-Albos	Provincia de Avila, Castille and Leon	346873	8	58	40.70596	-4.51633
Oju	Oju, Benue	3716094	6	0	6.84526	8.41914
