Pniewy	Powiat grojecki, Mazovia	6635897	8	0	51.91468	20.74578
Pniewy	Powiat szamotulski, Greater Poland	2103042	8	7738	52.50943	16.25668
