Pteni	Okres Prostejov, Olomoucky	430696	10	1093	49.51163	16.9611
Pteni	Okres Prostejov, Olomoucky	438263	8	1093	49.51163	16.9611
Ptuj	Ptuj	1676350	8	18164	46.42005	15.87018
