Rrape	Rrethi i Pukes, Shkoder	1248295	8	0	42.04444	19.97056
Rreshen	Rrethi i Mirdites, Lezhe	1248930	8	10064	41.7675	19.87556
Rrogozhine	Rrethi i Kavajes, Tirana	1250110	8	5620	41.07639	19.66528
