Sjenica	Zlatibor, Central Serbia	8035123	9	0	43.27306	19.99944
