Snaaskerke	Provincie West-Vlaanderen, Flanders	2244281	9	1311	51.17737	2.93901
Snagov	Comuna Snagov, Ilfov	9883484	8	6126	44.7	26.18333
Sneads	Jackson County, Florida	1217251	8	1776	30.70801	-84.92552
Sneads Ferry	Onslow County, North Carolina	177317	8	2646	34.55267	-77.39718
Sneedville	Hancock County, Tennessee	197410	8	1346	36.52981	-83.2174
Sneek	Sudwest Fryslan, Friesland	2658749	10	32811	53.03297	5.6589
Snellegem	Provincie West-Vlaanderen, Flanders	2247121	9	1661	51.16776	3.11921
Snellville	Gwinnett County, Georgia	119591	8	19733	33.85733	-84.01991
Snettisham	Norfolk, England	1022555	10	2570	52.87882	0.50099
Sniadowo	Powiat Lomzynski, Podlasie	7074295	8	1500	53.03874	21.99077
Sniatyn	Ivano-Frankivsk Oblast	3626221	9	9942	48.44883	25.55994
Snina	Okres Snina, Presovsky kraj	2323980	10	22221	48.98857	22.15099
Snina	Okres Snina, Presovsky kraj	2324006	9	22221	48.98857	22.15099
Snizhne	Donetsk Oblast	2068203	9	55587	48.02612	38.77225
Snodland	Kent, England	2325902	10	10211	51.32971	0.44305
Snohomish	Snohomish County, Washington	237671	8	9670	47.91288	-122.09818
Snow	Minsk	5615168	10	2600	53.2201	26.401
Snow Hill	Greene County, North Carolina	179849	8	1574	35.45155	-77.68109
Snow Hill	Worcester County, Maryland	133692	8	2086	38.17706	-75.3927
Snowmass Village	Pitkin County, Colorado	113156	8	2916	39.21304	-106.93782
Snug	Kingborough, Tasmania	10627357	9	1203	-43.06669	147.25468
Snyder	Kiowa County, Oklahoma	184156	8	1345	34.65896	-98.95174
Snyder	Scurry County, Texas	8059467	8	11768	32.71789	-100.91762
