Twardogora	Powiat olesnicki, Lower Silesia	2942241	8	6840	51.36487	17.46878
Tweed	Hastings County, Ontario	7442181	8	1701	44.47512	-77.31616
Tweed Heads	Tweed, New South Wales	6070206	9	9017	-28.17671	153.5452
Tweed Heads South	Tweed, New South Wales	6070204	9	8210	-28.19517	153.53964
Tweed Heads West	Tweed, New South Wales	6070205	9	6251	-28.18736	153.52278
Tweede Exloermond	Gemeente Borger-Odoorn, Drenthe	1433824	10	2365	52.90917	6.93333
Twello	Gemeente Voorst, Gelderland	2712940	10	13500	52.23667	6.10278
Tweng	Politischer Bezirk Tamsweg, Salzburg	1002425	8	276	47.18333	13.6
Twentynine Palms	San Bernardino County, California	13875015	8	26025	34.13556	-116.05417
Twijzel	Gemeente Achtkarspelen, Friesland	2643759	10	1020	53.23152	6.08952
Twijzelerheide	Gemeente Achtkarspelen, Friesland	2643767	10	1580	53.24015	6.04591
Twin City	Emanuel County, Georgia	119661	8	1674	32.58294	-82.15512
Twin Falls	Twin Falls County, Idaho	121355	8	47468	42.56297	-114.46087
Twin Lakes	Kenosha County, Wisconsin	251325	8	6094	42.53113	-88.24815
Twin Lakes	McKinley County, New Mexico	171631	8	1052	35.70919	-108.77481
Twin Waters	Sunshine Coast, Queensland	11675224	9	2848	-26.63422	153.08114
Twinsburg	Summit County, Ohio	182640	8	18872	41.31256	-81.44011
Twisk	Gemeente Medemblik, North Holland	2726754	10	1115	52.74083	5.05278
Twistringen	Lower Saxony	1461201	8	12645	52.79926	8.64163
Two Harbors	Lake County, Minnesota	137116	8	3578	47.02271	-91.67073
Two Rivers	Manitowoc County, Wisconsin	251806	8	11331	44.15388	-87.56925
Two Rocks	Wanneroo, Western Australia	11689568	9	2901	-31.49985	115.58737
Two Wells	Mallala, South Australia	6599591	9	2515	-34.59327	138.51367
Twyford	Wokingham, England	3879564	10	7533	51.47518	-0.86037
