Vnorovy	Okres Hodonin, South Moravian	428413	10	3062	48.93096	17.3505
Vnorovy	Okres Hodonin, South Moravian	441135	8	3062	48.93096	17.3505
