Wschowa	Powiat wschowski, Lubusz	3007162	8	14458	51.80705	16.31663
