Ychoux	Landes, Nouvelle-Aquitaine	1782750	8	1623	44.32772	-0.95796
