Ydes	Cantal, Auvergne-Rhone-Alpes	1792404	8	1980	45.34722	2.43727
