Yreka	Siskiyou County, California	7298033	8	7597	41.73542	-122.63447
