Ytrac	Cantal, Auvergne-Rhone-Alpes	116435	8	3421	44.912	2.36248
Ytrebygda	Bergen, Vestland	5900514	9	24044	60.30504	5.28236
