Zlataritsa	Obshtina Zlataritsa, Veliko Tarnovo	1930840	7	2468	43.05	25.9
Zlate Hory	Okres Jesenik, Olomoucky	437055	8	4446	50.2638	17.39602
Zlate Moravce	Okres Zlate Moravce, Nitriansky kraj	2209884	10	15618	48.38553	18.40063
Zlate Moravce	Okres Zlate Moravce, Nitriansky kraj	2209892	9	15618	48.38553	18.40063
Zlatibor	Zlatibor, Central Serbia	8032401	9	2344	43.729	19.70029
Zlatitsa	Obshtina Zlatitsa, Sofia	1978779	7	5786	42.71667	24.13333
Zlatna	Oras Zlatna, Alba	10631069	8	8393	46.10633	23.23162
Zlatograd	Obshtina Zlatograd, Smolyan	1952405	7	7331	41.3795	25.09605
Zleby	Okres Kutna Hora, Central Bohemia	427861	10	1267	49.88958	15.48853
Zleby	Okres Kutna Hora, Central Bohemia	441823	8	1267	49.88958	15.48853
Zlechov	Okres Uherske Hradiste, Zlin	429404	10	1567	49.07396	17.37938
Zlechov	Okres Uherske Hradiste, Zlin	437176	8	1567	49.07396	17.37938
Zletovo	Probishtip	6658719	8	3340	41.98861	22.23611
Zlin	Okres Zlin, Zlin	430824	10	72973	49.22645	17.67065
Zlin	Okres Zlin, Zlin	440910	8	72973	49.22645	17.67065
Zliv	Okres Ceske Budejovice, Jihocesky kraj	436119	8	3656	49.06608	14.36613
Zlocieniec	Powiat drawski, West Pomerania	2896000	8	13337	53.53286	16.01132
Zloczew	Powiat sieradzki, Lodz Voivodeship	2911957	8	3439	51.41719	18.60363
Zlonice	Okres Kladno, Central Bohemia	435860	10	2232	50.2875	14.09214
Zlonice	Okres Kladno, Central Bohemia	441009	8	2232	50.2875	14.09214
Zlota	Powiat brzeski, Lesser Poland	6083892	8	1368	49.88059	20.69326
Zlota	Powiat pinczowski, Swietokrzyskie	6463362	8	1200	50.3816	20.59361
Zlotniki	Powiat poznanski, Greater Poland	7734884	8	1100	52.49407	16.84496
Zlotoryja	Powiat zlotoryjski, Lower Silesia	3047121	7	15564	51.12637	15.91979
Zlotoryja	Powiat zlotoryjski, Lower Silesia	3047127	8	15564	51.12637	15.91979
Zlotow	Powiat zlotowski, Greater Poland	1882562	8	18395	53.36346	17.04082
Zlotow	Powiat zlotowski, Greater Poland	2860712	7	18395	53.36346	17.04082
Zloty Stok	Powiat zabkowicki, Lower Silesia	2957953	8	2758	50.44472	16.87586
Zlutava	Okres Zlin, Zlin	428302	10	1001	49.19976	17.49037
Zlutava	Okres Zlin, Zlin	440775	8	1001	49.19976	17.49037
Zlutice	Okres Karlovy Vary, Karlovarsky kraj	425715	10	2817	50.09192	13.16297
Zlutice	Okres Karlovy Vary, Karlovarsky kraj	439517	8	2817	50.09192	13.16297
