Zmiennica	Powiat brzozowski, Subcarpathia	6947785	8	1100	49.67652	21.96596
Zmigrod	Powiat trzebnicki, Lower Silesia	2454863	8	6542	51.46672	16.90564
Zmiiv	Kharkiv	2719252	8	14071	49.68886	36.3576
