Zvole	Okres Praha-zapad, Central Bohemia	441724	8	1114	49.93466	14.41769
Zvolen	Okres Zvolen, Banskobystricky kraj	2265018	10	44502	48.57442	19.15324
Zvolen	Okres Zvolen, Banskobystricky kraj	2265027	9	44502	48.57442	19.15324
Zvornik	Srpska	14529508	9	8026	44.38605	19.10247
